{
  "mean": [
    -1.372322916984558,
    -0.475322425365448,
    100794.359375,
    299.04437255859375,
    3.1789145538141383e-08,
    7.947286384535346e-09,
    0.4889628291130066
  ],
  "std": [
    3.4013895988464355,
    2.739558696746826,
    200.79478454589844,
    2.2128360271453857,
    0.6553366780281067,
    0.6389506459236145,
    0.4635907709598541
  ]
}