{
  "mean": [
    -1.9323073625564575,
    -0.7024828195571899,
    101335.484375,
    296.6840515136719
  ],
  "std": [
    2.647810220718384,
    2.144291639328003,
    173.65805053710938,
    2.7831199169158936
  ]
}