{
  "mean": [
    -2.317843198776245,
    -1.5285688638687134,
    101395.53125,
    296.644775390625,
    3.1789145538141383e-08,
    7.947286384535346e-09,
    0.4889628291130066
  ],
  "std": [
    2.970489263534546,
    2.107499599456787,
    183.40284729003906,
    2.9399187564849854,
    0.6553366780281067,
    0.6389506459236145,
    0.4635907709598541
  ]
}