{
  "mean": [
    -1.996039628982544,
    -0.8276342153549194,
    101318.953125,
    296.5559387207031
  ],
  "std": [
    2.6538162231445312,
    2.1927874088287354,
    178.2704620361328,
    2.8242225646972656
  ]
}