{
  "mean": [
    -2.3600964546203613,
    -0.013752782717347145,
    101279.578125,
    297.66845703125,
    0.0,
    0.0,
    0.4837414622306824
  ],
  "std": [
    2.685384511947632,
    2.2984845638275146,
    159.8838653564453,
    2.609100580215454,
    0.7484812140464783,
    0.7100716233253479,
    0.4671698212623596
  ]
}